eventID,eventDate,year,month,day,decimalLatitude,decimalLongitude,maximumDepthInMeters,sampleSizeValue,samplingEffort,sampleSizeUnit,fieldNotes,minimumDepthInMeters,footprintWKT,coordinateUncertaintyInMeters,geodeticDatum,language,modified,bibliographicCitation,datasetID,license,informationWithheld,institutionID,institutionCode
IYS2019-Kaganovsky-1-Bongo-1,2019-02-18T21:30:00Z,2019,2,18,48.301166666666667,-128.52266666666668,250,42.422700777700776,volume sewater filtered,cubic meters,Flowmeter start for net 1 and 2 were switched in the logsheet,0,POINT  ( -128.52266666666668   48.301166666666667 ),0,WGS84,en,2023-12-07,"Hunt, B., Mahara, N., & Pakhomov, E. (2023). Zooplankton Bongo Net Data from the 2019 and 2020 Gulf of Alaska International Year of the Salmon Expeditions [Data set]. North Pacific Anadromous Fish Commission. https://doi.org/10.21966/7cmt-ca72",https://doi.org/10.21966/7cmt-ca72,https://creativecommons.org/licenses/by/4.0/legalcode,"Contact data provider for information on abundance, sizes and biomass.",https://edmo.seadatanet.org/report/2220,UBC-EOAS
IYS2019-Kaganovsky-2-Bongo-1,2019-02-19T07:05:00Z,2019,2,19,48.18333333333333,-129.91666666666666,250,41.858400804650806,volume sewater filtered,cubic meters,,0,POINT  ( -129.91666666666666   48.18333333333333 ),0,WGS84,en,2023-12-07,"Hunt, B., Mahara, N., & Pakhomov, E. (2023). Zooplankton Bongo Net Data from the 2019 and 2020 Gulf of Alaska International Year of the Salmon Expeditions [Data set]. North Pacific Anadromous Fish Commission. https://doi.org/10.21966/7cmt-ca72",https://doi.org/10.21966/7cmt-ca72,https://creativecommons.org/licenses/by/4.0/legalcode,"Contact data provider for information on abundance, sizes and biomass.",https://edmo.seadatanet.org/report/2220,UBC-EOAS
IYS2019-Kaganovsky-3-Bongo-1,2019-02-21T08:21:00Z,2019,2,21,47.666666666666664,-136.99666666666667,250,44.374018441518444,volume sewater filtered,cubic meters,(1x Aequoria 44mm put in formalin jar),0,POINT  ( -136.99666666666667   47.666666666666664 ),0,WGS84,en,2023-12-07,"Hunt, B., Mahara, N., & Pakhomov, E. (2023). Zooplankton Bongo Net Data from the 2019 and 2020 Gulf of Alaska International Year of the Salmon Expeditions [Data set]. North Pacific Anadromous Fish Commission. https://doi.org/10.21966/7cmt-ca72",https://doi.org/10.21966/7cmt-ca72,https://creativecommons.org/licenses/by/4.0/legalcode,"Contact data provider for information on abundance, sizes and biomass.",https://edmo.seadatanet.org/report/2220,UBC-EOAS
IYS2019-Kaganovsky-4-Bongo-1,2019-02-21T18:30:00Z,2019,2,21,47.661666666666669,-138.5,250,45.027973550473554,volume sewater filtered,cubic meters,,0,POINT  ( -138.5   47.661666666666669 ),0,WGS84,en,2023-12-07,"Hunt, B., Mahara, N., & Pakhomov, E. (2023). Zooplankton Bongo Net Data from the 2019 and 2020 Gulf of Alaska International Year of the Salmon Expeditions [Data set]. North Pacific Anadromous Fish Commission. https://doi.org/10.21966/7cmt-ca72",https://doi.org/10.21966/7cmt-ca72,https://creativecommons.org/licenses/by/4.0/legalcode,"Contact data provider for information on abundance, sizes and biomass.",https://edmo.seadatanet.org/report/2220,UBC-EOAS
IYS2019-Kaganovsky-5-Bongo-1,2019-02-22T07:00:00Z,2019,2,22,47.666666666666664,-140,250,43.076655886655885,volume sewater filtered,cubic meters,,0,POINT  ( -140   47.666666666666664 ),0,WGS84,en,2023-12-07,"Hunt, B., Mahara, N., & Pakhomov, E. (2023). Zooplankton Bongo Net Data from the 2019 and 2020 Gulf of Alaska International Year of the Salmon Expeditions [Data set]. North Pacific Anadromous Fish Commission. https://doi.org/10.21966/7cmt-ca72",https://doi.org/10.21966/7cmt-ca72,https://creativecommons.org/licenses/by/4.0/legalcode,"Contact data provider for information on abundance, sizes and biomass.",https://edmo.seadatanet.org/report/2220,UBC-EOAS
IYS2019-Kaganovsky-6-Bongo-1,2019-02-22T18:00:00Z,2019,2,22,47.666166666666669,-141.49850000000001,250,43.87827827827828,volume sewater filtered,cubic meters,,0,POINT  ( -141.49850000000001   47.666166666666669 ),0,WGS84,en,2023-12-07,"Hunt, B., Mahara, N., & Pakhomov, E. (2023). Zooplankton Bongo Net Data from the 2019 and 2020 Gulf of Alaska International Year of the Salmon Expeditions [Data set]. North Pacific Anadromous Fish Commission. https://doi.org/10.21966/7cmt-ca72",https://doi.org/10.21966/7cmt-ca72,https://creativecommons.org/licenses/by/4.0/legalcode,"Contact data provider for information on abundance, sizes and biomass.",https://edmo.seadatanet.org/report/2220,UBC-EOAS
IYS2019-Kaganovsky-7-Bongo-1,2019-02-23T03:20:00Z,2019,2,23,47.666666666666664,-143,250,43.841361457611455,volume sewater filtered,cubic meters,,0,POINT  ( -143   47.666666666666664 ),0,WGS84,en,2023-12-07,"Hunt, B., Mahara, N., & Pakhomov, E. (2023). Zooplankton Bongo Net Data from the 2019 and 2020 Gulf of Alaska International Year of the Salmon Expeditions [Data set]. North Pacific Anadromous Fish Commission. https://doi.org/10.21966/7cmt-ca72",https://doi.org/10.21966/7cmt-ca72,https://creativecommons.org/licenses/by/4.0/legalcode,"Contact data provider for information on abundance, sizes and biomass.",https://edmo.seadatanet.org/report/2220,UBC-EOAS
IYS2019-Kaganovsky-8-Bongo-1,2019-02-23T11:45:00Z,2019,2,23,47.670166666666667,-144.49549999999999,250,47.010934203434211,volume sewater filtered,cubic meters,,0,POINT  ( -144.49549999999999   47.670166666666667 ),0,WGS84,en,2023-12-07,"Hunt, B., Mahara, N., & Pakhomov, E. (2023). Zooplankton Bongo Net Data from the 2019 and 2020 Gulf of Alaska International Year of the Salmon Expeditions [Data set]. North Pacific Anadromous Fish Commission. https://doi.org/10.21966/7cmt-ca72",https://doi.org/10.21966/7cmt-ca72,https://creativecommons.org/licenses/by/4.0/legalcode,"Contact data provider for information on abundance, sizes and biomass.",https://edmo.seadatanet.org/report/2220,UBC-EOAS
IYS2019-Kaganovsky-9-Bongo-1,2019-02-23T20:15:00Z,2019,2,23,47.666166666666669,-145.86566666666667,250,47.881116404866404,volume sewater filtered,cubic meters,,0,POINT  ( -145.86566666666667   47.666166666666669 ),0,WGS84,en,2023-12-07,"Hunt, B., Mahara, N., & Pakhomov, E. (2023). Zooplankton Bongo Net Data from the 2019 and 2020 Gulf of Alaska International Year of the Salmon Expeditions [Data set]. North Pacific Anadromous Fish Commission. https://doi.org/10.21966/7cmt-ca72",https://doi.org/10.21966/7cmt-ca72,https://creativecommons.org/licenses/by/4.0/legalcode,"Contact data provider for information on abundance, sizes and biomass.",https://edmo.seadatanet.org/report/2220,UBC-EOAS
IYS2019-Kaganovsky-10-Bongo-1,2019-02-24T04:50:00Z,2019,2,24,47.666666666666664,-147.5,250,44.105053033803031,volume sewater filtered,cubic meters,Salps removed from this sample and frozen separately in petri dishes,0,POINT  ( -147.5   47.666666666666664 ),0,WGS84,en,2023-12-07,"Hunt, B., Mahara, N., & Pakhomov, E. (2023). Zooplankton Bongo Net Data from the 2019 and 2020 Gulf of Alaska International Year of the Salmon Expeditions [Data set]. North Pacific Anadromous Fish Commission. https://doi.org/10.21966/7cmt-ca72",https://doi.org/10.21966/7cmt-ca72,https://creativecommons.org/licenses/by/4.0/legalcode,"Contact data provider for information on abundance, sizes and biomass.",https://edmo.seadatanet.org/report/2220,UBC-EOAS
IYS2019-Kaganovsky-11-Bongo-1,2019-02-24T14:05:00Z,2019,2,24,48.667499999999997,-147.50066666666666,250,45.618642681142681,volume sewater filtered,cubic meters,Removed Salps and froze separately in petri dishes; removed 2 Epac and 2 Neocalanus,0,POINT  ( -147.50066666666666   48.667499999999997 ),0,WGS84,en,2023-12-07,"Hunt, B., Mahara, N., & Pakhomov, E. (2023). Zooplankton Bongo Net Data from the 2019 and 2020 Gulf of Alaska International Year of the Salmon Expeditions [Data set]. North Pacific Anadromous Fish Commission. https://doi.org/10.21966/7cmt-ca72",https://doi.org/10.21966/7cmt-ca72,https://creativecommons.org/licenses/by/4.0/legalcode,"Contact data provider for information on abundance, sizes and biomass.",https://edmo.seadatanet.org/report/2220,UBC-EOAS
IYS2019-Kaganovsky-12-Bongo-1,2019-02-24T23:15:00Z,2019,2,24,49.666666666666664,-147.5,250,49.0625,volume sewater filtered,cubic meters,,0,POINT  ( -147.5   49.666666666666664 ),0,WGS84,en,2023-12-07,"Hunt, B., Mahara, N., & Pakhomov, E. (2023). Zooplankton Bongo Net Data from the 2019 and 2020 Gulf of Alaska International Year of the Salmon Expeditions [Data set]. North Pacific Anadromous Fish Commission. https://doi.org/10.21966/7cmt-ca72",https://doi.org/10.21966/7cmt-ca72,https://creativecommons.org/licenses/by/4.0/legalcode,"Contact data provider for information on abundance, sizes and biomass.",https://edmo.seadatanet.org/report/2220,UBC-EOAS
IYS2019-Kaganovsky-13-Bongo-1,2019-02-25T08:36:00Z,2019,2,25,50.666666666666664,-147.5,250,48.761846269346272,volume sewater filtered,cubic meters,"Picked a number of specimens for freezing: 10 Neocalanus cristatus, 2 Sergestes, 2 T. spinifera",0,POINT  ( -147.5   50.666666666666664 ),0,WGS84,en,2023-12-07,"Hunt, B., Mahara, N., & Pakhomov, E. (2023). Zooplankton Bongo Net Data from the 2019 and 2020 Gulf of Alaska International Year of the Salmon Expeditions [Data set]. North Pacific Anadromous Fish Commission. https://doi.org/10.21966/7cmt-ca72",https://doi.org/10.21966/7cmt-ca72,https://creativecommons.org/licenses/by/4.0/legalcode,"Contact data provider for information on abundance, sizes and biomass.",https://edmo.seadatanet.org/report/2220,UBC-EOAS
IYS2019-Kaganovsky-14-Bongo-1,2019-02-25T17:15:00Z,2019,2,25,51.665666666666667,-147.50133333333332,250,49.0625,volume sewater filtered,cubic meters,"picked out 9 neocalanus for freezing, 4 neocalanus for Charlie (vials 9-12)",0,POINT  ( -147.50133333333332   51.665666666666667 ),0,WGS84,en,2023-12-07,"Hunt, B., Mahara, N., & Pakhomov, E. (2023). Zooplankton Bongo Net Data from the 2019 and 2020 Gulf of Alaska International Year of the Salmon Expeditions [Data set]. North Pacific Anadromous Fish Commission. https://doi.org/10.21966/7cmt-ca72",https://doi.org/10.21966/7cmt-ca72,https://creativecommons.org/licenses/by/4.0/legalcode,"Contact data provider for information on abundance, sizes and biomass.",https://edmo.seadatanet.org/report/2220,UBC-EOAS
IYS2019-Kaganovsky-15-Bongo-1,2019-02-26T03:20:00Z,2019,2,26,52.666666666666664,-147.5,250,34.021487160237157,volume sewater filtered,cubic meters,,0,POINT  ( -147.5   52.666666666666664 ),0,WGS84,en,2023-12-07,"Hunt, B., Mahara, N., & Pakhomov, E. (2023). Zooplankton Bongo Net Data from the 2019 and 2020 Gulf of Alaska International Year of the Salmon Expeditions [Data set]. North Pacific Anadromous Fish Commission. https://doi.org/10.21966/7cmt-ca72",https://doi.org/10.21966/7cmt-ca72,https://creativecommons.org/licenses/by/4.0/legalcode,"Contact data provider for information on abundance, sizes and biomass.",https://edmo.seadatanet.org/report/2220,UBC-EOAS
IYS2019-Kaganovsky-16-Bongo-1,2019-02-26T09:25:00Z,2019,2,26,53.666666666666664,-147.5,250,33.262055420805424,volume sewater filtered,cubic meters,,0,POINT  ( -147.5   53.666666666666664 ),0,WGS84,en,2023-12-07,"Hunt, B., Mahara, N., & Pakhomov, E. (2023). Zooplankton Bongo Net Data from the 2019 and 2020 Gulf of Alaska International Year of the Salmon Expeditions [Data set]. North Pacific Anadromous Fish Commission. https://doi.org/10.21966/7cmt-ca72",https://doi.org/10.21966/7cmt-ca72,https://creativecommons.org/licenses/by/4.0/legalcode,"Contact data provider for information on abundance, sizes and biomass.",https://edmo.seadatanet.org/report/2220,UBC-EOAS
IYS2019-Kaganovsky-17-Bongo-1,2019-02-26T17:45:00Z,2019,2,26,54.666666666666664,-147.5,250,44.089231539231541,volume sewater filtered,cubic meters,,0,POINT  ( -147.5   54.666666666666664 ),0,WGS84,en,2023-12-07,"Hunt, B., Mahara, N., & Pakhomov, E. (2023). Zooplankton Bongo Net Data from the 2019 and 2020 Gulf of Alaska International Year of the Salmon Expeditions [Data set]. North Pacific Anadromous Fish Commission. https://doi.org/10.21966/7cmt-ca72",https://doi.org/10.21966/7cmt-ca72,https://creativecommons.org/licenses/by/4.0/legalcode,"Contact data provider for information on abundance, sizes and biomass.",https://edmo.seadatanet.org/report/2220,UBC-EOAS
IYS2019-Kaganovsky-18-Bongo-1,2019-02-27T02:30:00Z,2019,2,27,55.668333333333337,-147.49950000000001,250,42.997548413798413,volume sewater filtered,cubic meters,,0,POINT  ( -147.49950000000001   55.668333333333337 ),0,WGS84,en,2023-12-07,"Hunt, B., Mahara, N., & Pakhomov, E. (2023). Zooplankton Bongo Net Data from the 2019 and 2020 Gulf of Alaska International Year of the Salmon Expeditions [Data set]. North Pacific Anadromous Fish Commission. https://doi.org/10.21966/7cmt-ca72",https://doi.org/10.21966/7cmt-ca72,https://creativecommons.org/licenses/by/4.0/legalcode,"Contact data provider for information on abundance, sizes and biomass.",https://edmo.seadatanet.org/report/2220,UBC-EOAS
IYS2019-Kaganovsky-19-Bongo-1,2019-02-27T10:27:00Z,2019,2,27,56.666666666666664,-147.5,250,40.998766266266266,volume sewater filtered,cubic meters,Beroe sp. (75mm) Taken from formalin sample and frozen (Z290),0,POINT  ( -147.5   56.666666666666664 ),0,WGS84,en,2023-12-07,"Hunt, B., Mahara, N., & Pakhomov, E. (2023). Zooplankton Bongo Net Data from the 2019 and 2020 Gulf of Alaska International Year of the Salmon Expeditions [Data set]. North Pacific Anadromous Fish Commission. https://doi.org/10.21966/7cmt-ca72",https://doi.org/10.21966/7cmt-ca72,https://creativecommons.org/licenses/by/4.0/legalcode,"Contact data provider for information on abundance, sizes and biomass.",https://edmo.seadatanet.org/report/2220,UBC-EOAS
IYS2019-Kaganovsky-20-Bongo-1,2019-02-27T18:15:00Z,2019,2,27,56.667333333333332,-146,250,48.619452818202817,volume sewater filtered,cubic meters,,0,POINT  ( -146   56.667333333333332 ),0,WGS84,en,2023-12-07,"Hunt, B., Mahara, N., & Pakhomov, E. (2023). Zooplankton Bongo Net Data from the 2019 and 2020 Gulf of Alaska International Year of the Salmon Expeditions [Data set]. North Pacific Anadromous Fish Commission. https://doi.org/10.21966/7cmt-ca72",https://doi.org/10.21966/7cmt-ca72,https://creativecommons.org/licenses/by/4.0/legalcode,"Contact data provider for information on abundance, sizes and biomass.",https://edmo.seadatanet.org/report/2220,UBC-EOAS
IYS2019-Kaganovsky-21-Bongo-1,2019-02-28T01:50:00Z,2019,2,28,56.666666666666664,-144.5,250,47.527769692769695,volume sewater filtered,cubic meters,,0,POINT  ( -144.5   56.666666666666664 ),0,WGS84,en,2023-12-07,"Hunt, B., Mahara, N., & Pakhomov, E. (2023). Zooplankton Bongo Net Data from the 2019 and 2020 Gulf of Alaska International Year of the Salmon Expeditions [Data set]. North Pacific Anadromous Fish Commission. https://doi.org/10.21966/7cmt-ca72",https://doi.org/10.21966/7cmt-ca72,https://creativecommons.org/licenses/by/4.0/legalcode,"Contact data provider for information on abundance, sizes and biomass.",https://edmo.seadatanet.org/report/2220,UBC-EOAS
IYS2019-Kaganovsky-22-Bongo-1,2019-02-28T09:05:00Z,2019,2,28,56.666666666666664,-143,250,46.04582303457304,volume sewater filtered,cubic meters,,0,POINT  ( -143   56.666666666666664 ),0,WGS84,en,2023-12-07,"Hunt, B., Mahara, N., & Pakhomov, E. (2023). Zooplankton Bongo Net Data from the 2019 and 2020 Gulf of Alaska International Year of the Salmon Expeditions [Data set]. North Pacific Anadromous Fish Commission. https://doi.org/10.21966/7cmt-ca72",https://doi.org/10.21966/7cmt-ca72,https://creativecommons.org/licenses/by/4.0/legalcode,"Contact data provider for information on abundance, sizes and biomass.",https://edmo.seadatanet.org/report/2220,UBC-EOAS
IYS2019-Kaganovsky-23-Bongo-1,2019-02-28T17:23:00Z,2019,2,28,55.666666666666664,-142.99766666666667,250,49.378884557634557,volume sewater filtered,cubic meters,,0,POINT  ( -142.99766666666667   55.666666666666664 ),0,WGS84,en,2023-12-07,"Hunt, B., Mahara, N., & Pakhomov, E. (2023). Zooplankton Bongo Net Data from the 2019 and 2020 Gulf of Alaska International Year of the Salmon Expeditions [Data set]. North Pacific Anadromous Fish Commission. https://doi.org/10.21966/7cmt-ca72",https://doi.org/10.21966/7cmt-ca72,https://creativecommons.org/licenses/by/4.0/legalcode,"Contact data provider for information on abundance, sizes and biomass.",https://edmo.seadatanet.org/report/2220,UBC-EOAS
IYS2019-Kaganovsky-24-Bongo-1,2019-03-01T01:15:00Z,2019,3,1,55.666666666666664,-144.5,250,49.173205128205133,volume sewater filtered,cubic meters,,0,POINT  ( -144.5   55.666666666666664 ),0,WGS84,en,2023-12-07,"Hunt, B., Mahara, N., & Pakhomov, E. (2023). Zooplankton Bongo Net Data from the 2019 and 2020 Gulf of Alaska International Year of the Salmon Expeditions [Data set]. North Pacific Anadromous Fish Commission. https://doi.org/10.21966/7cmt-ca72",https://doi.org/10.21966/7cmt-ca72,https://creativecommons.org/licenses/by/4.0/legalcode,"Contact data provider for information on abundance, sizes and biomass.",https://edmo.seadatanet.org/report/2220,UBC-EOAS
IYS2019-Kaganovsky-25-Bongo-1,2019-03-01T08:30:00Z,2019,3,1,55.666666666666664,-145.99683333333334,250,43.029191402941407,volume sewater filtered,cubic meters,,0,POINT  ( -145.99683333333334   55.666666666666664 ),0,WGS84,en,2023-12-07,"Hunt, B., Mahara, N., & Pakhomov, E. (2023). Zooplankton Bongo Net Data from the 2019 and 2020 Gulf of Alaska International Year of the Salmon Expeditions [Data set]. North Pacific Anadromous Fish Commission. https://doi.org/10.21966/7cmt-ca72",https://doi.org/10.21966/7cmt-ca72,https://creativecommons.org/licenses/by/4.0/legalcode,"Contact data provider for information on abundance, sizes and biomass.",https://edmo.seadatanet.org/report/2220,UBC-EOAS
IYS2019-Kaganovsky-26-Bongo-1,2019-03-01T16:40:00Z,2019,3,1,54.669333333333334,-145.98599999999999,250,40.265703684453683,volume sewater filtered,cubic meters,,0,POINT  ( -145.98599999999999   54.669333333333334 ),0,WGS84,en,2023-12-07,"Hunt, B., Mahara, N., & Pakhomov, E. (2023). Zooplankton Bongo Net Data from the 2019 and 2020 Gulf of Alaska International Year of the Salmon Expeditions [Data set]. North Pacific Anadromous Fish Commission. https://doi.org/10.21966/7cmt-ca72",https://doi.org/10.21966/7cmt-ca72,https://creativecommons.org/licenses/by/4.0/legalcode,"Contact data provider for information on abundance, sizes and biomass.",https://edmo.seadatanet.org/report/2220,UBC-EOAS
IYS2019-Kaganovsky-27-Bongo-1,2019-03-02T00:50:00Z,2019,3,2,53.666666666666664,-146,250,41.652721375221383,volume sewater filtered,cubic meters,,0,POINT  ( -146   53.666666666666664 ),0,WGS84,en,2023-12-07,"Hunt, B., Mahara, N., & Pakhomov, E. (2023). Zooplankton Bongo Net Data from the 2019 and 2020 Gulf of Alaska International Year of the Salmon Expeditions [Data set]. North Pacific Anadromous Fish Commission. https://doi.org/10.21966/7cmt-ca72",https://doi.org/10.21966/7cmt-ca72,https://creativecommons.org/licenses/by/4.0/legalcode,"Contact data provider for information on abundance, sizes and biomass.",https://edmo.seadatanet.org/report/2220,UBC-EOAS
IYS2019-Kaganovsky-28-Bongo-1,2019-03-02T08:40:00Z,2019,3,2,52.668333333333337,-146,250,40.518847597597599,volume sewater filtered,cubic meters,,0,POINT  ( -146   52.668333333333337 ),0,WGS84,en,2023-12-07,"Hunt, B., Mahara, N., & Pakhomov, E. (2023). Zooplankton Bongo Net Data from the 2019 and 2020 Gulf of Alaska International Year of the Salmon Expeditions [Data set]. North Pacific Anadromous Fish Commission. https://doi.org/10.21966/7cmt-ca72",https://doi.org/10.21966/7cmt-ca72,https://creativecommons.org/licenses/by/4.0/legalcode,"Contact data provider for information on abundance, sizes and biomass.",https://edmo.seadatanet.org/report/2220,UBC-EOAS
IYS2019-Kaganovsky-29-Bongo-1,2019-03-02T16:45:00Z,2019,3,2,51.667166666666667,-146,250,41.953329772079776,volume sewater filtered,cubic meters,,0,POINT  ( -146   51.667166666666667 ),0,WGS84,en,2023-12-07,"Hunt, B., Mahara, N., & Pakhomov, E. (2023). Zooplankton Bongo Net Data from the 2019 and 2020 Gulf of Alaska International Year of the Salmon Expeditions [Data set]. North Pacific Anadromous Fish Commission. https://doi.org/10.21966/7cmt-ca72",https://doi.org/10.21966/7cmt-ca72,https://creativecommons.org/licenses/by/4.0/legalcode,"Contact data provider for information on abundance, sizes and biomass.",https://edmo.seadatanet.org/report/2220,UBC-EOAS
IYS2019-Kaganovsky-30-Bongo-1,2019-03-03T01:05:00Z,2019,3,3,50.666666666666664,-146,250,43.588217544467547,volume sewater filtered,cubic meters,,0,POINT  ( -146   50.666666666666664 ),0,WGS84,en,2023-12-07,"Hunt, B., Mahara, N., & Pakhomov, E. (2023). Zooplankton Bongo Net Data from the 2019 and 2020 Gulf of Alaska International Year of the Salmon Expeditions [Data set]. North Pacific Anadromous Fish Commission. https://doi.org/10.21966/7cmt-ca72",https://doi.org/10.21966/7cmt-ca72,https://creativecommons.org/licenses/by/4.0/legalcode,"Contact data provider for information on abundance, sizes and biomass.",https://edmo.seadatanet.org/report/2220,UBC-EOAS
IYS2019-Kaganovsky-31-Bongo-1,2019-03-03T08:50:00Z,2019,3,3,49.666666666666664,-146,250,40.107488738738738,volume sewater filtered,cubic meters,,0,POINT  ( -146   49.666666666666664 ),0,WGS84,en,2023-12-07,"Hunt, B., Mahara, N., & Pakhomov, E. (2023). Zooplankton Bongo Net Data from the 2019 and 2020 Gulf of Alaska International Year of the Salmon Expeditions [Data set]. North Pacific Anadromous Fish Commission. https://doi.org/10.21966/7cmt-ca72",https://doi.org/10.21966/7cmt-ca72,https://creativecommons.org/licenses/by/4.0/legalcode,"Contact data provider for information on abundance, sizes and biomass.",https://edmo.seadatanet.org/report/2220,UBC-EOAS
IYS2019-Kaganovsky-32-Bongo-1,2019-03-03T17:35:00Z,2019,3,3,48.666666666666664,-146,250,49.0625,volume sewater filtered,cubic meters,,0,POINT  ( -146   48.666666666666664 ),0,WGS84,en,2023-12-07,"Hunt, B., Mahara, N., & Pakhomov, E. (2023). Zooplankton Bongo Net Data from the 2019 and 2020 Gulf of Alaska International Year of the Salmon Expeditions [Data set]. North Pacific Anadromous Fish Commission. https://doi.org/10.21966/7cmt-ca72",https://doi.org/10.21966/7cmt-ca72,https://creativecommons.org/licenses/by/4.0/legalcode,"Contact data provider for information on abundance, sizes and biomass.",https://edmo.seadatanet.org/report/2220,UBC-EOAS
IYS2019-Kaganovsky-33-Bongo-1,2019-03-04T01:45:00Z,2019,3,4,48.666666666666664,-144.5,250,42.164283033033037,volume sewater filtered,cubic meters,5 salps taken from net 1 and frozen; 1 colonial salp observed at surface,0,POINT  ( -144.5   48.666666666666664 ),0,WGS84,en,2023-12-07,"Hunt, B., Mahara, N., & Pakhomov, E. (2023). Zooplankton Bongo Net Data from the 2019 and 2020 Gulf of Alaska International Year of the Salmon Expeditions [Data set]. North Pacific Anadromous Fish Commission. https://doi.org/10.21966/7cmt-ca72",https://doi.org/10.21966/7cmt-ca72,https://creativecommons.org/licenses/by/4.0/legalcode,"Contact data provider for information on abundance, sizes and biomass.",https://edmo.seadatanet.org/report/2220,UBC-EOAS
IYS2019-Kaganovsky-34-Bongo-1,2019-03-04T09:45:00Z,2019,3,4,49.666666666666664,-144.5,250,42.480712924462928,volume sewater filtered,cubic meters,,0,POINT  ( -144.5   49.666666666666664 ),0,WGS84,en,2023-12-07,"Hunt, B., Mahara, N., & Pakhomov, E. (2023). Zooplankton Bongo Net Data from the 2019 and 2020 Gulf of Alaska International Year of the Salmon Expeditions [Data set]. North Pacific Anadromous Fish Commission. https://doi.org/10.21966/7cmt-ca72",https://doi.org/10.21966/7cmt-ca72,https://creativecommons.org/licenses/by/4.0/legalcode,"Contact data provider for information on abundance, sizes and biomass.",https://edmo.seadatanet.org/report/2220,UBC-EOAS
IYS2019-Kaganovsky-35-Bongo-1,2019-03-04T18:17:00Z,2019,3,4,50.667833333333334,-144.50666666666666,250,45.407689420189421,volume sewater filtered,cubic meters,,0,POINT  ( -144.50666666666666   50.667833333333334 ),0,WGS84,en,2023-12-07,"Hunt, B., Mahara, N., & Pakhomov, E. (2023). Zooplankton Bongo Net Data from the 2019 and 2020 Gulf of Alaska International Year of the Salmon Expeditions [Data set]. North Pacific Anadromous Fish Commission. https://doi.org/10.21966/7cmt-ca72",https://doi.org/10.21966/7cmt-ca72,https://creativecommons.org/licenses/by/4.0/legalcode,"Contact data provider for information on abundance, sizes and biomass.",https://edmo.seadatanet.org/report/2220,UBC-EOAS
IYS2019-Kaganovsky-39-Bongo-1,2019-03-06T02:10:00Z,2019,3,6,54.666666666666664,-144.5,250,40.371180314930314,volume sewater filtered,cubic meters,9 Neocalanus taken from net 1 for isotopes,0,POINT  ( -144.5   54.666666666666664 ),0,WGS84,en,2023-12-07,"Hunt, B., Mahara, N., & Pakhomov, E. (2023). Zooplankton Bongo Net Data from the 2019 and 2020 Gulf of Alaska International Year of the Salmon Expeditions [Data set]. North Pacific Anadromous Fish Commission. https://doi.org/10.21966/7cmt-ca72",https://doi.org/10.21966/7cmt-ca72,https://creativecommons.org/licenses/by/4.0/legalcode,"Contact data provider for information on abundance, sizes and biomass.",https://edmo.seadatanet.org/report/2220,UBC-EOAS
IYS2019-Kaganovsky-36-Bongo-1,2019-03-05T02:25:00Z,2019,3,5,51.666666666666664,-144.5,250,41.905865288365291,volume sewater filtered,cubic meters,,0,POINT  ( -144.5   51.666666666666664 ),0,WGS84,en,2023-12-07,"Hunt, B., Mahara, N., & Pakhomov, E. (2023). Zooplankton Bongo Net Data from the 2019 and 2020 Gulf of Alaska International Year of the Salmon Expeditions [Data set]. North Pacific Anadromous Fish Commission. https://doi.org/10.21966/7cmt-ca72",https://doi.org/10.21966/7cmt-ca72,https://creativecommons.org/licenses/by/4.0/legalcode,"Contact data provider for information on abundance, sizes and biomass.",https://edmo.seadatanet.org/report/2220,UBC-EOAS
IYS2019-Kaganovsky-37-Bongo-1,2019-03-05T10:15:00Z,2019,3,5,52.666666666666664,-144.5,250,44.416209093709092,volume sewater filtered,cubic meters,,0,POINT  ( -144.5   52.666666666666664 ),0,WGS84,en,2023-12-07,"Hunt, B., Mahara, N., & Pakhomov, E. (2023). Zooplankton Bongo Net Data from the 2019 and 2020 Gulf of Alaska International Year of the Salmon Expeditions [Data set]. North Pacific Anadromous Fish Commission. https://doi.org/10.21966/7cmt-ca72",https://doi.org/10.21966/7cmt-ca72,https://creativecommons.org/licenses/by/4.0/legalcode,"Contact data provider for information on abundance, sizes and biomass.",https://edmo.seadatanet.org/report/2220,UBC-EOAS
IYS2019-Kaganovsky-38-Bongo-1,2019-03-05T18:05:00Z,2019,3,5,53.666666666666664,-144.5,250,40.645419554169557,volume sewater filtered,cubic meters,Charlie samples taken from 2000 fraction - 4 Neocalanus (Vial 25),0,POINT  ( -144.5   53.666666666666664 ),0,WGS84,en,2023-12-07,"Hunt, B., Mahara, N., & Pakhomov, E. (2023). Zooplankton Bongo Net Data from the 2019 and 2020 Gulf of Alaska International Year of the Salmon Expeditions [Data set]. North Pacific Anadromous Fish Commission. https://doi.org/10.21966/7cmt-ca72",https://doi.org/10.21966/7cmt-ca72,https://creativecommons.org/licenses/by/4.0/legalcode,"Contact data provider for information on abundance, sizes and biomass.",https://edmo.seadatanet.org/report/2220,UBC-EOAS
IYS2019-Kaganovsky-40-Bongo-1,2019-03-06T09:10:00Z,2019,3,6,54.666666666666664,-143,250,40.94075411950412,volume sewater filtered,cubic meters,,0,POINT  ( -143   54.666666666666664 ),0,WGS84,en,2023-12-07,"Hunt, B., Mahara, N., & Pakhomov, E. (2023). Zooplankton Bongo Net Data from the 2019 and 2020 Gulf of Alaska International Year of the Salmon Expeditions [Data set]. North Pacific Anadromous Fish Commission. https://doi.org/10.21966/7cmt-ca72",https://doi.org/10.21966/7cmt-ca72,https://creativecommons.org/licenses/by/4.0/legalcode,"Contact data provider for information on abundance, sizes and biomass.",https://edmo.seadatanet.org/report/2220,UBC-EOAS
IYS2019-Kaganovsky-41-Bongo-1,2019-03-06T17:15:00Z,2019,3,6,53.666666666666664,-143,250,43.888825941325941,volume sewater filtered,cubic meters,,0,POINT  ( -143   53.666666666666664 ),0,WGS84,en,2023-12-07,"Hunt, B., Mahara, N., & Pakhomov, E. (2023). Zooplankton Bongo Net Data from the 2019 and 2020 Gulf of Alaska International Year of the Salmon Expeditions [Data set]. North Pacific Anadromous Fish Commission. https://doi.org/10.21966/7cmt-ca72",https://doi.org/10.21966/7cmt-ca72,https://creativecommons.org/licenses/by/4.0/legalcode,"Contact data provider for information on abundance, sizes and biomass.",https://edmo.seadatanet.org/report/2220,UBC-EOAS
IYS2019-Kaganovsky-42-Bongo-1,2019-03-07T01:10:00Z,2019,3,7,52.666666666666664,-143,250,43.377264283514286,volume sewater filtered,cubic meters,,0,POINT  ( -143   52.666666666666664 ),0,WGS84,en,2023-12-07,"Hunt, B., Mahara, N., & Pakhomov, E. (2023). Zooplankton Bongo Net Data from the 2019 and 2020 Gulf of Alaska International Year of the Salmon Expeditions [Data set]. North Pacific Anadromous Fish Commission. https://doi.org/10.21966/7cmt-ca72",https://doi.org/10.21966/7cmt-ca72,https://creativecommons.org/licenses/by/4.0/legalcode,"Contact data provider for information on abundance, sizes and biomass.",https://edmo.seadatanet.org/report/2220,UBC-EOAS
IYS2019-Kaganovsky-43-Bongo-1,2019-03-07T09:23:00Z,2019,3,7,51.666666666666664,-143.0025,250,40.808908331408333,volume sewater filtered,cubic meters,,0,POINT  ( -143.0025   51.666666666666664 ),0,WGS84,en,2023-12-07,"Hunt, B., Mahara, N., & Pakhomov, E. (2023). Zooplankton Bongo Net Data from the 2019 and 2020 Gulf of Alaska International Year of the Salmon Expeditions [Data set]. North Pacific Anadromous Fish Commission. https://doi.org/10.21966/7cmt-ca72",https://doi.org/10.21966/7cmt-ca72,https://creativecommons.org/licenses/by/4.0/legalcode,"Contact data provider for information on abundance, sizes and biomass.",https://edmo.seadatanet.org/report/2220,UBC-EOAS
IYS2019-Kaganovsky-44-Bongo-1,2019-03-07T17:58:00Z,2019,3,7,50.666499999999999,-142.99950000000001,250,42.823511973511977,volume sewater filtered,cubic meters,,0,POINT  ( -142.99950000000001   50.666499999999999 ),0,WGS84,en,2023-12-07,"Hunt, B., Mahara, N., & Pakhomov, E. (2023). Zooplankton Bongo Net Data from the 2019 and 2020 Gulf of Alaska International Year of the Salmon Expeditions [Data set]. North Pacific Anadromous Fish Commission. https://doi.org/10.21966/7cmt-ca72",https://doi.org/10.21966/7cmt-ca72,https://creativecommons.org/licenses/by/4.0/legalcode,"Contact data provider for information on abundance, sizes and biomass.",https://edmo.seadatanet.org/report/2220,UBC-EOAS
IYS2019-Kaganovsky-45-Bongo-1,2019-03-08T02:35:00Z,2019,3,8,49.666666666666664,-142.99883333333332,250,44.316006294756299,volume sewater filtered,cubic meters,,0,POINT  ( -142.99883333333332   49.666666666666664 ),0,WGS84,en,2023-12-07,"Hunt, B., Mahara, N., & Pakhomov, E. (2023). Zooplankton Bongo Net Data from the 2019 and 2020 Gulf of Alaska International Year of the Salmon Expeditions [Data set]. North Pacific Anadromous Fish Commission. https://doi.org/10.21966/7cmt-ca72",https://doi.org/10.21966/7cmt-ca72,https://creativecommons.org/licenses/by/4.0/legalcode,"Contact data provider for information on abundance, sizes and biomass.",https://edmo.seadatanet.org/report/2220,UBC-EOAS
IYS2019-Kaganovsky-46-Bongo-1,2019-03-08T12:19:00Z,2019,3,8,48.667000000000002,-142.99700000000001,250,39.142377569877567,volume sewater filtered,cubic meters,,0,POINT  ( -142.99700000000001   48.667000000000002 ),0,WGS84,en,2023-12-07,"Hunt, B., Mahara, N., & Pakhomov, E. (2023). Zooplankton Bongo Net Data from the 2019 and 2020 Gulf of Alaska International Year of the Salmon Expeditions [Data set]. North Pacific Anadromous Fish Commission. https://doi.org/10.21966/7cmt-ca72",https://doi.org/10.21966/7cmt-ca72,https://creativecommons.org/licenses/by/4.0/legalcode,"Contact data provider for information on abundance, sizes and biomass.",https://edmo.seadatanet.org/report/2220,UBC-EOAS
IYS2019-Kaganovsky-47-Bongo-1,2019-03-08T20:30:00Z,2019,3,8,48.666666666666664,-141.50133333333332,250,40.128584064834065,volume sewater filtered,cubic meters,,0,POINT  ( -141.50133333333332   48.666666666666664 ),0,WGS84,en,2023-12-07,"Hunt, B., Mahara, N., & Pakhomov, E. (2023). Zooplankton Bongo Net Data from the 2019 and 2020 Gulf of Alaska International Year of the Salmon Expeditions [Data set]. North Pacific Anadromous Fish Commission. https://doi.org/10.21966/7cmt-ca72",https://doi.org/10.21966/7cmt-ca72,https://creativecommons.org/licenses/by/4.0/legalcode,"Contact data provider for information on abundance, sizes and biomass.",https://edmo.seadatanet.org/report/2220,UBC-EOAS
IYS2019-Kaganovsky-48-Bongo-1,2019-03-09T05:50:00Z,2019,3,9,49.666666666666664,-141.5,250,41.578887733887733,volume sewater filtered,cubic meters,,0,POINT  ( -141.5   49.666666666666664 ),0,WGS84,en,2023-12-07,"Hunt, B., Mahara, N., & Pakhomov, E. (2023). Zooplankton Bongo Net Data from the 2019 and 2020 Gulf of Alaska International Year of the Salmon Expeditions [Data set]. North Pacific Anadromous Fish Commission. https://doi.org/10.21966/7cmt-ca72",https://doi.org/10.21966/7cmt-ca72,https://creativecommons.org/licenses/by/4.0/legalcode,"Contact data provider for information on abundance, sizes and biomass.",https://edmo.seadatanet.org/report/2220,UBC-EOAS
IYS2019-Kaganovsky-49-Bongo-1,2019-03-09T14:20:00Z,2019,3,9,50.665833333333332,-141.49916666666667,250,33.689235774235776,volume sewater filtered,cubic meters,,0,POINT  ( -141.49916666666667   50.665833333333332 ),0,WGS84,en,2023-12-07,"Hunt, B., Mahara, N., & Pakhomov, E. (2023). Zooplankton Bongo Net Data from the 2019 and 2020 Gulf of Alaska International Year of the Salmon Expeditions [Data set]. North Pacific Anadromous Fish Commission. https://doi.org/10.21966/7cmt-ca72",https://doi.org/10.21966/7cmt-ca72,https://creativecommons.org/licenses/by/4.0/legalcode,"Contact data provider for information on abundance, sizes and biomass.",https://edmo.seadatanet.org/report/2220,UBC-EOAS
IYS2019-Kaganovsky-50-Bongo-1,2019-03-09T22:51:00Z,2019,3,9,51.664666666666669,-141.49816666666666,250,27.724532320782323,volume sewater filtered,cubic meters,,0,POINT  ( -141.49816666666666   51.664666666666669 ),0,WGS84,en,2023-12-07,"Hunt, B., Mahara, N., & Pakhomov, E. (2023). Zooplankton Bongo Net Data from the 2019 and 2020 Gulf of Alaska International Year of the Salmon Expeditions [Data set]. North Pacific Anadromous Fish Commission. https://doi.org/10.21966/7cmt-ca72",https://doi.org/10.21966/7cmt-ca72,https://creativecommons.org/licenses/by/4.0/legalcode,"Contact data provider for information on abundance, sizes and biomass.",https://edmo.seadatanet.org/report/2220,UBC-EOAS
IYS2019-Kaganovsky-53-Bongo-1,2019-03-10T23:07:00Z,2019,3,10,53.667833333333334,-140.00116666666668,250,40.318441999691998,volume sewater filtered,cubic meters,,0,POINT  ( -140.00116666666668   53.667833333333334 ),0,WGS84,en,2023-12-07,"Hunt, B., Mahara, N., & Pakhomov, E. (2023). Zooplankton Bongo Net Data from the 2019 and 2020 Gulf of Alaska International Year of the Salmon Expeditions [Data set]. North Pacific Anadromous Fish Commission. https://doi.org/10.21966/7cmt-ca72",https://doi.org/10.21966/7cmt-ca72,https://creativecommons.org/licenses/by/4.0/legalcode,"Contact data provider for information on abundance, sizes and biomass.",https://edmo.seadatanet.org/report/2220,UBC-EOAS
IYS2019-Kaganovsky-54-Bongo-1,2019-03-11T11:20:00Z,2019,3,11,52.666666666666664,-140,250,54.541965619465621,volume sewater filtered,cubic meters,,0,POINT  ( -140   52.666666666666664 ),0,WGS84,en,2023-12-07,"Hunt, B., Mahara, N., & Pakhomov, E. (2023). Zooplankton Bongo Net Data from the 2019 and 2020 Gulf of Alaska International Year of the Salmon Expeditions [Data set]. North Pacific Anadromous Fish Commission. https://doi.org/10.21966/7cmt-ca72",https://doi.org/10.21966/7cmt-ca72,https://creativecommons.org/licenses/by/4.0/legalcode,"Contact data provider for information on abundance, sizes and biomass.",https://edmo.seadatanet.org/report/2220,UBC-EOAS
IYS2019-Kaganovsky-55-Bongo-1,2019-03-11T22:24:00Z,2019,3,11,51.666666666666664,-139.99950000000001,250,49.0625,volume sewater filtered,cubic meters,,0,POINT  ( -139.99950000000001   51.666666666666664 ),0,WGS84,en,2023-12-07,"Hunt, B., Mahara, N., & Pakhomov, E. (2023). Zooplankton Bongo Net Data from the 2019 and 2020 Gulf of Alaska International Year of the Salmon Expeditions [Data set]. North Pacific Anadromous Fish Commission. https://doi.org/10.21966/7cmt-ca72",https://doi.org/10.21966/7cmt-ca72,https://creativecommons.org/licenses/by/4.0/legalcode,"Contact data provider for information on abundance, sizes and biomass.",https://edmo.seadatanet.org/report/2220,UBC-EOAS
IYS2019-Kaganovsky-56-Bongo-1,2019-03-12T15:50:00Z,2019,3,12,50.666666666666664,-140.00016666666667,250,40.851098983598988,volume sewater filtered,cubic meters,,0,POINT  ( -140.00016666666667   50.666666666666664 ),0,WGS84,en,2023-12-07,"Hunt, B., Mahara, N., & Pakhomov, E. (2023). Zooplankton Bongo Net Data from the 2019 and 2020 Gulf of Alaska International Year of the Salmon Expeditions [Data set]. North Pacific Anadromous Fish Commission. https://doi.org/10.21966/7cmt-ca72",https://doi.org/10.21966/7cmt-ca72,https://creativecommons.org/licenses/by/4.0/legalcode,"Contact data provider for information on abundance, sizes and biomass.",https://edmo.seadatanet.org/report/2220,UBC-EOAS
IYS2019-Kaganovsky-57-Bongo-1,2019-03-13T00:27:00Z,2019,3,13,50.666666666666664,-138.5,250,48.092069665819665,volume sewater filtered,cubic meters,,0,POINT  ( -138.5   50.666666666666664 ),0,WGS84,en,2023-12-07,"Hunt, B., Mahara, N., & Pakhomov, E. (2023). Zooplankton Bongo Net Data from the 2019 and 2020 Gulf of Alaska International Year of the Salmon Expeditions [Data set]. North Pacific Anadromous Fish Commission. https://doi.org/10.21966/7cmt-ca72",https://doi.org/10.21966/7cmt-ca72,https://creativecommons.org/licenses/by/4.0/legalcode,"Contact data provider for information on abundance, sizes and biomass.",https://edmo.seadatanet.org/report/2220,UBC-EOAS
IYS2019-Kaganovsky-58-Bongo-1,2019-03-13T18:08:00Z,2019,3,13,49.663666666666664,-138.49683333333334,250,36.505461807961808,volume sewater filtered,cubic meters,,0,POINT  ( -138.49683333333334   49.663666666666664 ),0,WGS84,en,2023-12-07,"Hunt, B., Mahara, N., & Pakhomov, E. (2023). Zooplankton Bongo Net Data from the 2019 and 2020 Gulf of Alaska International Year of the Salmon Expeditions [Data set]. North Pacific Anadromous Fish Commission. https://doi.org/10.21966/7cmt-ca72",https://doi.org/10.21966/7cmt-ca72,https://creativecommons.org/licenses/by/4.0/legalcode,"Contact data provider for information on abundance, sizes and biomass.",https://edmo.seadatanet.org/report/2220,UBC-EOAS
IYS2019-Kaganovsky-59-Bongo-1,2019-03-14T07:40:00Z,2019,3,14,48.666666666666664,-138.5,250,45.666107164857166,volume sewater filtered,cubic meters,,0,POINT  ( -138.5   48.666666666666664 ),0,WGS84,en,2023-12-07,"Hunt, B., Mahara, N., & Pakhomov, E. (2023). Zooplankton Bongo Net Data from the 2019 and 2020 Gulf of Alaska International Year of the Salmon Expeditions [Data set]. North Pacific Anadromous Fish Commission. https://doi.org/10.21966/7cmt-ca72",https://doi.org/10.21966/7cmt-ca72,https://creativecommons.org/licenses/by/4.0/legalcode,"Contact data provider for information on abundance, sizes and biomass.",https://edmo.seadatanet.org/report/2220,UBC-EOAS
IYS2019-Kaganovsky-60-Bongo-1,2019-03-14T15:59:00Z,2019,3,14,48.665666666666702,-139.994,250,49.0625,volume sewater filtered,cubic meters,,0,POINT  ( -139.994   48.665666666666702 ),0,WGS84,en,2023-12-07,"Hunt, B., Mahara, N., & Pakhomov, E. (2023). Zooplankton Bongo Net Data from the 2019 and 2020 Gulf of Alaska International Year of the Salmon Expeditions [Data set]. North Pacific Anadromous Fish Commission. https://doi.org/10.21966/7cmt-ca72",https://doi.org/10.21966/7cmt-ca72,https://creativecommons.org/licenses/by/4.0/legalcode,"Contact data provider for information on abundance, sizes and biomass.",https://edmo.seadatanet.org/report/2220,UBC-EOAS
IYS2020-Legacy-1-Bongo-1,2020-03-13T02:45:00Z,2020,3,13,48.3975,-127.996116666667,250,96.72566938,volume seawater filtered,cubic meters,,0,POINT  ( -127.996116666667   48.3975 ),0,WGS84,en,2023-12-07,"Hunt, B., Mahara, N., & Pakhomov, E. (2023). Zooplankton Bongo Net Data from the 2019 and 2020 Gulf of Alaska International Year of the Salmon Expeditions [Data set]. North Pacific Anadromous Fish Commission. https://doi.org/10.21966/7cmt-ca72",https://doi.org/10.21966/7cmt-ca72,https://creativecommons.org/licenses/by/4.0/legalcode,"Contact data provider for information on abundance, sizes and biomass.",https://edmo.seadatanet.org/report/2220,UBC-EOAS
IYS2020-Legacy-2-Bongo-1,2020-03-13T13:50:00Z,2020,3,13,48.3758333333333,-129.513333333333,250,88.15537424,volume seawater filtered,cubic meters,,0,POINT  ( -129.513333333333   48.3758333333333 ),0,WGS84,en,2023-12-07,"Hunt, B., Mahara, N., & Pakhomov, E. (2023). Zooplankton Bongo Net Data from the 2019 and 2020 Gulf of Alaska International Year of the Salmon Expeditions [Data set]. North Pacific Anadromous Fish Commission. https://doi.org/10.21966/7cmt-ca72",https://doi.org/10.21966/7cmt-ca72,https://creativecommons.org/licenses/by/4.0/legalcode,"Contact data provider for information on abundance, sizes and biomass.",https://edmo.seadatanet.org/report/2220,UBC-EOAS
IYS2020-Legacy-3-Bongo-1,2020-03-15T17:10:00Z,2020,3,15,47.4338333333333,-136.958,250,79.91206883,volume seawater filtered,cubic meters,,0,POINT  ( -136.958   47.4338333333333 ),0,WGS84,en,2023-12-07,"Hunt, B., Mahara, N., & Pakhomov, E. (2023). Zooplankton Bongo Net Data from the 2019 and 2020 Gulf of Alaska International Year of the Salmon Expeditions [Data set]. North Pacific Anadromous Fish Commission. https://doi.org/10.21966/7cmt-ca72",https://doi.org/10.21966/7cmt-ca72,https://creativecommons.org/licenses/by/4.0/legalcode,"Contact data provider for information on abundance, sizes and biomass.",https://edmo.seadatanet.org/report/2220,UBC-EOAS
IYS2020-Legacy-4-Bongo-1,2020-03-16T04:02:00Z,2020,3,16,47.4275,-138.468166666667,250,39.19130039,volume seawater filtered,cubic meters,,0,POINT  ( -138.468166666667   47.4275 ),0,WGS84,en,2023-12-07,"Hunt, B., Mahara, N., & Pakhomov, E. (2023). Zooplankton Bongo Net Data from the 2019 and 2020 Gulf of Alaska International Year of the Salmon Expeditions [Data set]. North Pacific Anadromous Fish Commission. https://doi.org/10.21966/7cmt-ca72",https://doi.org/10.21966/7cmt-ca72,https://creativecommons.org/licenses/by/4.0/legalcode,"Contact data provider for information on abundance, sizes and biomass.",https://edmo.seadatanet.org/report/2220,UBC-EOAS
IYS2020-Legacy-5-Bongo-1,2020-03-16T15:55:00Z,2020,3,16,47.4275,-139.992333333333,250,62.3601044,volume seawater filtered,cubic meters,,0,POINT  ( -139.992333333333   47.4275 ),0,WGS84,en,2023-12-07,"Hunt, B., Mahara, N., & Pakhomov, E. (2023). Zooplankton Bongo Net Data from the 2019 and 2020 Gulf of Alaska International Year of the Salmon Expeditions [Data set]. North Pacific Anadromous Fish Commission. https://doi.org/10.21966/7cmt-ca72",https://doi.org/10.21966/7cmt-ca72,https://creativecommons.org/licenses/by/4.0/legalcode,"Contact data provider for information on abundance, sizes and biomass.",https://edmo.seadatanet.org/report/2220,UBC-EOAS
IYS2020-Legacy-6-Bongo-1,2020-03-17T01:17:00Z,2020,3,17,47.425,-141.4795,250,48.49468538,volume seawater filtered,cubic meters,Decent angle on wire during bongo cast,0,POINT  ( -141.4795   47.425 ),0,WGS84,en,2023-12-07,"Hunt, B., Mahara, N., & Pakhomov, E. (2023). Zooplankton Bongo Net Data from the 2019 and 2020 Gulf of Alaska International Year of the Salmon Expeditions [Data set]. North Pacific Anadromous Fish Commission. https://doi.org/10.21966/7cmt-ca72",https://doi.org/10.21966/7cmt-ca72,https://creativecommons.org/licenses/by/4.0/legalcode,"Contact data provider for information on abundance, sizes and biomass.",https://edmo.seadatanet.org/report/2220,UBC-EOAS
IYS2020-Legacy-7-Bongo-1,2020-03-17T09:59:00Z,2020,3,17,47.4325,-142.980833333333,250,43.64257983,volume seawater filtered,cubic meters,,0,POINT  ( -142.980833333333   47.4325 ),0,WGS84,en,2023-12-07,"Hunt, B., Mahara, N., & Pakhomov, E. (2023). Zooplankton Bongo Net Data from the 2019 and 2020 Gulf of Alaska International Year of the Salmon Expeditions [Data set]. North Pacific Anadromous Fish Commission. https://doi.org/10.21966/7cmt-ca72",https://doi.org/10.21966/7cmt-ca72,https://creativecommons.org/licenses/by/4.0/legalcode,"Contact data provider for information on abundance, sizes and biomass.",https://edmo.seadatanet.org/report/2220,UBC-EOAS
IYS2020-Legacy-8-Bongo-1,2020-03-17T19:45:00Z,2020,3,17,48.3838333333333,-143.0095,250,49.16448691,volume seawater filtered,cubic meters,Issues with bongo tucking under the vessel; some brief pauses during net retrival,0,POINT  ( -143.0095   48.3838333333333 ),0,WGS84,en,2023-12-07,"Hunt, B., Mahara, N., & Pakhomov, E. (2023). Zooplankton Bongo Net Data from the 2019 and 2020 Gulf of Alaska International Year of the Salmon Expeditions [Data set]. North Pacific Anadromous Fish Commission. https://doi.org/10.21966/7cmt-ca72",https://doi.org/10.21966/7cmt-ca72,https://creativecommons.org/licenses/by/4.0/legalcode,"Contact data provider for information on abundance, sizes and biomass.",https://edmo.seadatanet.org/report/2220,UBC-EOAS
IYS2020-Legacy-9-Bongo-1,2020-03-18T04:08:00Z,2020,3,18,48.4016666666667,-144.488,250,41.71228566,volume seawater filtered,cubic meters,,0,POINT  ( -144.488   48.4016666666667 ),0,WGS84,en,2023-12-07,"Hunt, B., Mahara, N., & Pakhomov, E. (2023). Zooplankton Bongo Net Data from the 2019 and 2020 Gulf of Alaska International Year of the Salmon Expeditions [Data set]. North Pacific Anadromous Fish Commission. https://doi.org/10.21966/7cmt-ca72",https://doi.org/10.21966/7cmt-ca72,https://creativecommons.org/licenses/by/4.0/legalcode,"Contact data provider for information on abundance, sizes and biomass.",https://edmo.seadatanet.org/report/2220,UBC-EOAS
IYS2020-Legacy-10-Bongo-1,2020-03-18T12:49:00Z,2020,3,18,48.4213333333333,-145.994,250,37.23991011,volume seawater filtered,cubic meters,,0,POINT  ( -145.994   48.4213333333333 ),0,WGS84,en,2023-12-07,"Hunt, B., Mahara, N., & Pakhomov, E. (2023). Zooplankton Bongo Net Data from the 2019 and 2020 Gulf of Alaska International Year of the Salmon Expeditions [Data set]. North Pacific Anadromous Fish Commission. https://doi.org/10.21966/7cmt-ca72",https://doi.org/10.21966/7cmt-ca72,https://creativecommons.org/licenses/by/4.0/legalcode,"Contact data provider for information on abundance, sizes and biomass.",https://edmo.seadatanet.org/report/2220,UBC-EOAS
IYS2020-Legacy-11-Bongo-1,2020-03-18T21:17:00Z,2020,3,18,48.4013333333333,-147.4955,250,45.33026872,volume seawater filtered,cubic meters,,0,POINT  ( -147.4955   48.4013333333333 ),0,WGS84,en,2023-12-07,"Hunt, B., Mahara, N., & Pakhomov, E. (2023). Zooplankton Bongo Net Data from the 2019 and 2020 Gulf of Alaska International Year of the Salmon Expeditions [Data set]. North Pacific Anadromous Fish Commission. https://doi.org/10.21966/7cmt-ca72",https://doi.org/10.21966/7cmt-ca72,https://creativecommons.org/licenses/by/4.0/legalcode,"Contact data provider for information on abundance, sizes and biomass.",https://edmo.seadatanet.org/report/2220,UBC-EOAS
IYS2020-Legacy-12-Bongo-1,2020-03-19T06:10:00Z,2020,3,19,49.4176666666667,-147.534166666667,250,52.60315302,volume seawater filtered,cubic meters,Decent angle on wire during bongo cast,0,POINT  ( -147.534166666667   49.4176666666667 ),0,WGS84,en,2023-12-07,"Hunt, B., Mahara, N., & Pakhomov, E. (2023). Zooplankton Bongo Net Data from the 2019 and 2020 Gulf of Alaska International Year of the Salmon Expeditions [Data set]. North Pacific Anadromous Fish Commission. https://doi.org/10.21966/7cmt-ca72",https://doi.org/10.21966/7cmt-ca72,https://creativecommons.org/licenses/by/4.0/legalcode,"Contact data provider for information on abundance, sizes and biomass.",https://edmo.seadatanet.org/report/2220,UBC-EOAS
IYS2020-Legacy-13-Bongo-1,2020-03-19T17:20:00Z,2020,3,19,50.4156666666667,-147.512666666667,250,60.51419468,volume seawater filtered,cubic meters,,0,POINT  ( -147.512666666667   50.4156666666667 ),0,WGS84,en,2023-12-07,"Hunt, B., Mahara, N., & Pakhomov, E. (2023). Zooplankton Bongo Net Data from the 2019 and 2020 Gulf of Alaska International Year of the Salmon Expeditions [Data set]. North Pacific Anadromous Fish Commission. https://doi.org/10.21966/7cmt-ca72",https://doi.org/10.21966/7cmt-ca72,https://creativecommons.org/licenses/by/4.0/legalcode,"Contact data provider for information on abundance, sizes and biomass.",https://edmo.seadatanet.org/report/2220,UBC-EOAS
IYS2020-Legacy-14-Bongo-1,2020-03-20T05:22:00Z,2020,3,20,51.4173333333333,-147.500666666667,250,52.85103232,volume seawater filtered,cubic meters,,0,POINT  ( -147.500666666667   51.4173333333333 ),0,WGS84,en,2023-12-07,"Hunt, B., Mahara, N., & Pakhomov, E. (2023). Zooplankton Bongo Net Data from the 2019 and 2020 Gulf of Alaska International Year of the Salmon Expeditions [Data set]. North Pacific Anadromous Fish Commission. https://doi.org/10.21966/7cmt-ca72",https://doi.org/10.21966/7cmt-ca72,https://creativecommons.org/licenses/by/4.0/legalcode,"Contact data provider for information on abundance, sizes and biomass.",https://edmo.seadatanet.org/report/2220,UBC-EOAS
IYS2020-Legacy-15-Bongo-1,2020-03-20T14:10:00Z,2020,3,20,51.4281666666667,-146.016166666667,250,50.90491607,volume seawater filtered,cubic meters,,0,POINT  ( -146.016166666667   51.4281666666667 ),0,WGS84,en,2023-12-07,"Hunt, B., Mahara, N., & Pakhomov, E. (2023). Zooplankton Bongo Net Data from the 2019 and 2020 Gulf of Alaska International Year of the Salmon Expeditions [Data set]. North Pacific Anadromous Fish Commission. https://doi.org/10.21966/7cmt-ca72",https://doi.org/10.21966/7cmt-ca72,https://creativecommons.org/licenses/by/4.0/legalcode,"Contact data provider for information on abundance, sizes and biomass.",https://edmo.seadatanet.org/report/2220,UBC-EOAS
IYS2020-Legacy-16-Bongo-1,2020-03-21T01:10:00Z,2020,3,21,50.431,-146.005833333333,250,49.0625,volume seawater filtered,cubic meters,,0,POINT  ( -146.005833333333   50.431 ),0,WGS84,en,2023-12-07,"Hunt, B., Mahara, N., & Pakhomov, E. (2023). Zooplankton Bongo Net Data from the 2019 and 2020 Gulf of Alaska International Year of the Salmon Expeditions [Data set]. North Pacific Anadromous Fish Commission. https://doi.org/10.21966/7cmt-ca72",https://doi.org/10.21966/7cmt-ca72,https://creativecommons.org/licenses/by/4.0/legalcode,"Contact data provider for information on abundance, sizes and biomass.",https://edmo.seadatanet.org/report/2220,UBC-EOAS
IYS2020-Legacy-21-Bongo-1,2020-03-21T09:55:00Z,2020,3,21,50.4173333333333,-144.5095,250,49.0625,volume seawater filtered,cubic meters,,0,POINT  ( -144.5095   50.4173333333333 ),0,WGS84,en,2023-12-07,"Hunt, B., Mahara, N., & Pakhomov, E. (2023). Zooplankton Bongo Net Data from the 2019 and 2020 Gulf of Alaska International Year of the Salmon Expeditions [Data set]. North Pacific Anadromous Fish Commission. https://doi.org/10.21966/7cmt-ca72",https://doi.org/10.21966/7cmt-ca72,https://creativecommons.org/licenses/by/4.0/legalcode,"Contact data provider for information on abundance, sizes and biomass.",https://edmo.seadatanet.org/report/2220,UBC-EOAS
IYS2020-Legacy-22-Bongo-1,2020-03-21T19:05:00Z,2020,3,21,51.4911666666667,-144.538166666667,250,40.82097497,volume seawater filtered,cubic meters,,0,POINT  ( -144.538166666667   51.4911666666667 ),0,WGS84,en,2023-12-07,"Hunt, B., Mahara, N., & Pakhomov, E. (2023). Zooplankton Bongo Net Data from the 2019 and 2020 Gulf of Alaska International Year of the Salmon Expeditions [Data set]. North Pacific Anadromous Fish Commission. https://doi.org/10.21966/7cmt-ca72",https://doi.org/10.21966/7cmt-ca72,https://creativecommons.org/licenses/by/4.0/legalcode,"Contact data provider for information on abundance, sizes and biomass.",https://edmo.seadatanet.org/report/2220,UBC-EOAS
IYS2020-Legacy-23-Bongo-1,2020-03-22T03:15:00Z,2020,3,22,51.4716666666667,-143.035,250,49.0625,volume seawater filtered,cubic meters,,0,POINT  ( -143.035   51.4716666666667 ),0,WGS84,en,2023-12-07,"Hunt, B., Mahara, N., & Pakhomov, E. (2023). Zooplankton Bongo Net Data from the 2019 and 2020 Gulf of Alaska International Year of the Salmon Expeditions [Data set]. North Pacific Anadromous Fish Commission. https://doi.org/10.21966/7cmt-ca72",https://doi.org/10.21966/7cmt-ca72,https://creativecommons.org/licenses/by/4.0/legalcode,"Contact data provider for information on abundance, sizes and biomass.",https://edmo.seadatanet.org/report/2220,UBC-EOAS
IYS2020-Legacy-28-Bongo-1,2020-03-24T14:28:00Z,2020,3,24,54.4296666666667,-135.5465,250,36.92346845,volume seawater filtered,cubic meters,,0,POINT  ( -135.5465   54.4296666666667 ),0,WGS84,en,2023-12-07,"Hunt, B., Mahara, N., & Pakhomov, E. (2023). Zooplankton Bongo Net Data from the 2019 and 2020 Gulf of Alaska International Year of the Salmon Expeditions [Data set]. North Pacific Anadromous Fish Commission. https://doi.org/10.21966/7cmt-ca72",https://doi.org/10.21966/7cmt-ca72,https://creativecommons.org/licenses/by/4.0/legalcode,"Contact data provider for information on abundance, sizes and biomass.",https://edmo.seadatanet.org/report/2220,UBC-EOAS
IYS2020-Legacy-P-Bongo-1,2020-03-24T22:27:00Z,2020,3,24,54.565,-134.048333333333,300,36.06380192,volume seawater filtered,cubic meters,,0,POINT  ( -134.048333333333   54.565 ),0,WGS84,en,2023-12-07,"Hunt, B., Mahara, N., & Pakhomov, E. (2023). Zooplankton Bongo Net Data from the 2019 and 2020 Gulf of Alaska International Year of the Salmon Expeditions [Data set]. North Pacific Anadromous Fish Commission. https://doi.org/10.21966/7cmt-ca72",https://doi.org/10.21966/7cmt-ca72,https://creativecommons.org/licenses/by/4.0/legalcode,"Contact data provider for information on abundance, sizes and biomass.",https://edmo.seadatanet.org/report/2220,UBC-EOAS
IYS2020-Legacy-Q-Bongo-1,2020-03-26T10:41:00Z,2020,3,26,54.4046666666667,-132.415833333333,250,42.44537553,volume seawater filtered,cubic meters,,0,POINT  ( -132.415833333333   54.4046666666667 ),0,WGS84,en,2023-12-07,"Hunt, B., Mahara, N., & Pakhomov, E. (2023). Zooplankton Bongo Net Data from the 2019 and 2020 Gulf of Alaska International Year of the Salmon Expeditions [Data set]. North Pacific Anadromous Fish Commission. https://doi.org/10.21966/7cmt-ca72",https://doi.org/10.21966/7cmt-ca72,https://creativecommons.org/licenses/by/4.0/legalcode,"Contact data provider for information on abundance, sizes and biomass.",https://edmo.seadatanet.org/report/2220,UBC-EOAS
IYS2020-Legacy-P PRIME-Bongo-1,2020-03-27T05:02:00Z,2020,3,27,54.405,-134.021666666667,250,37.57744789,volume seawater filtered,cubic meters,,0,POINT  ( -134.021666666667   54.405 ),0,WGS84,en,2023-12-07,"Hunt, B., Mahara, N., & Pakhomov, E. (2023). Zooplankton Bongo Net Data from the 2019 and 2020 Gulf of Alaska International Year of the Salmon Expeditions [Data set]. North Pacific Anadromous Fish Commission. https://doi.org/10.21966/7cmt-ca72",https://doi.org/10.21966/7cmt-ca72,https://creativecommons.org/licenses/by/4.0/legalcode,"Contact data provider for information on abundance, sizes and biomass.",https://edmo.seadatanet.org/report/2220,UBC-EOAS
IYS2020-Legacy-S28-Bongo-1,2020-03-27T14:25:00Z,2020,3,27,53.43,-135.496666666667,250,40.29884622,volume seawater filtered,cubic meters,,0,POINT  ( -135.496666666667   53.43 ),0,WGS84,en,2023-12-07,"Hunt, B., Mahara, N., & Pakhomov, E. (2023). Zooplankton Bongo Net Data from the 2019 and 2020 Gulf of Alaska International Year of the Salmon Expeditions [Data set]. North Pacific Anadromous Fish Commission. https://doi.org/10.21966/7cmt-ca72",https://doi.org/10.21966/7cmt-ca72,https://creativecommons.org/licenses/by/4.0/legalcode,"Contact data provider for information on abundance, sizes and biomass.",https://edmo.seadatanet.org/report/2220,UBC-EOAS
IYS2020-Legacy-S27-Bongo-1,2020-03-27T20:52:00Z,2020,3,27,53.4195,-137.058666666667,250,41.62790122,volume seawater filtered,cubic meters,,0,POINT  ( -137.058666666667   53.4195 ),0,WGS84,en,2023-12-07,"Hunt, B., Mahara, N., & Pakhomov, E. (2023). Zooplankton Bongo Net Data from the 2019 and 2020 Gulf of Alaska International Year of the Salmon Expeditions [Data set]. North Pacific Anadromous Fish Commission. https://doi.org/10.21966/7cmt-ca72",https://doi.org/10.21966/7cmt-ca72,https://creativecommons.org/licenses/by/4.0/legalcode,"Contact data provider for information on abundance, sizes and biomass.",https://edmo.seadatanet.org/report/2220,UBC-EOAS
IYS2020-Legacy-Y27-Bongo-1,2020-03-28T08:20:00Z,2020,3,28,52.4081666666667,-137.088833333333,250,26.95028193,volume seawater filtered,cubic meters,One zip tie broke at some point during ascent; Decent angle on wire during bongo cast,0,POINT  ( -137.088833333333   52.4081666666667 ),0,WGS84,en,2023-12-07,"Hunt, B., Mahara, N., & Pakhomov, E. (2023). Zooplankton Bongo Net Data from the 2019 and 2020 Gulf of Alaska International Year of the Salmon Expeditions [Data set]. North Pacific Anadromous Fish Commission. https://doi.org/10.21966/7cmt-ca72",https://doi.org/10.21966/7cmt-ca72,https://creativecommons.org/licenses/by/4.0/legalcode,"Contact data provider for information on abundance, sizes and biomass.",https://edmo.seadatanet.org/report/2220,UBC-EOAS
IYS2020-Legacy-AB-Bongo-1,2020-03-29T18:00:00Z,2020,3,29,51.4183333333333,-138.618333333333,250,70.3924487,volume seawater filtered,cubic meters,,0,POINT  ( -138.618333333333   51.4183333333333 ),0,WGS84,en,2023-12-07,"Hunt, B., Mahara, N., & Pakhomov, E. (2023). Zooplankton Bongo Net Data from the 2019 and 2020 Gulf of Alaska International Year of the Salmon Expeditions [Data set]. North Pacific Anadromous Fish Commission. https://doi.org/10.21966/7cmt-ca72",https://doi.org/10.21966/7cmt-ca72,https://creativecommons.org/licenses/by/4.0/legalcode,"Contact data provider for information on abundance, sizes and biomass.",https://edmo.seadatanet.org/report/2220,UBC-EOAS
IYS2020-Legacy-AJ-Bongo-1,2020-03-31T20:00:00Z,2020,3,31,49.4783333333333,-138.521666666667,250,38.0151922,volume seawater filtered,cubic meters,,0,POINT  ( -138.521666666667   49.4783333333333 ),0,WGS84,en,2023-12-07,"Hunt, B., Mahara, N., & Pakhomov, E. (2023). Zooplankton Bongo Net Data from the 2019 and 2020 Gulf of Alaska International Year of the Salmon Expeditions [Data set]. North Pacific Anadromous Fish Commission. https://doi.org/10.21966/7cmt-ca72",https://doi.org/10.21966/7cmt-ca72,https://creativecommons.org/licenses/by/4.0/legalcode,"Contact data provider for information on abundance, sizes and biomass.",https://edmo.seadatanet.org/report/2220,UBC-EOAS
IYS2020-Legacy-AI-Bongo-1,2020-04-01T04:35:00Z,2020,4,1,49.445,-140.001666666667,250,27.24562748,volume seawater filtered,cubic meters,,0,POINT  ( -140.001666666667   49.445 ),0,WGS84,en,2023-12-07,"Hunt, B., Mahara, N., & Pakhomov, E. (2023). Zooplankton Bongo Net Data from the 2019 and 2020 Gulf of Alaska International Year of the Salmon Expeditions [Data set]. North Pacific Anadromous Fish Commission. https://doi.org/10.21966/7cmt-ca72",https://doi.org/10.21966/7cmt-ca72,https://creativecommons.org/licenses/by/4.0/legalcode,"Contact data provider for information on abundance, sizes and biomass.",https://edmo.seadatanet.org/report/2220,UBC-EOAS
IYS2020-Legacy-AH-Bongo-1,2020-04-01T14:09:00Z,2020,4,1,49.435,-141.498333333333,250,31.67581081,volume seawater filtered,cubic meters,,0,POINT  ( -141.498333333333   49.435 ),0,WGS84,en,2023-12-07,"Hunt, B., Mahara, N., & Pakhomov, E. (2023). Zooplankton Bongo Net Data from the 2019 and 2020 Gulf of Alaska International Year of the Salmon Expeditions [Data set]. North Pacific Anadromous Fish Commission. https://doi.org/10.21966/7cmt-ca72",https://doi.org/10.21966/7cmt-ca72,https://creativecommons.org/licenses/by/4.0/legalcode,"Contact data provider for information on abundance, sizes and biomass.",https://edmo.seadatanet.org/report/2220,UBC-EOAS
IYS2020-Legacy-AK-Bongo-1,2020-04-01T22:20:00Z,2020,4,1,48.4051666666667,-141.476166666667,250,29.13372942,volume seawater filtered,cubic meters,,0,POINT  ( -141.476166666667   48.4051666666667 ),0,WGS84,en,2023-12-07,"Hunt, B., Mahara, N., & Pakhomov, E. (2023). Zooplankton Bongo Net Data from the 2019 and 2020 Gulf of Alaska International Year of the Salmon Expeditions [Data set]. North Pacific Anadromous Fish Commission. https://doi.org/10.21966/7cmt-ca72",https://doi.org/10.21966/7cmt-ca72,https://creativecommons.org/licenses/by/4.0/legalcode,"Contact data provider for information on abundance, sizes and biomass.",https://edmo.seadatanet.org/report/2220,UBC-EOAS
IYS2020-Legacy-AL-Bongo-1,2020-04-02T06:45:00Z,2020,4,2,48.3666666666667,-140.016666666667,250,49.0625,volume seawater filtered,cubic meters,,0,POINT  ( -140.016666666667   48.3666666666667 ),0,WGS84,en,2023-12-07,"Hunt, B., Mahara, N., & Pakhomov, E. (2023). Zooplankton Bongo Net Data from the 2019 and 2020 Gulf of Alaska International Year of the Salmon Expeditions [Data set]. North Pacific Anadromous Fish Commission. https://doi.org/10.21966/7cmt-ca72",https://doi.org/10.21966/7cmt-ca72,https://creativecommons.org/licenses/by/4.0/legalcode,"Contact data provider for information on abundance, sizes and biomass.",https://edmo.seadatanet.org/report/2220,UBC-EOAS
IYS2020-Legacy-AM-Bongo-1,2020-04-02T15:33:00Z,2020,4,2,48.4328333333333,-138.4125,250,49.0625,volume seawater filtered,cubic meters,,0,POINT  ( -138.4125   48.4328333333333 ),0,WGS84,en,2023-12-07,"Hunt, B., Mahara, N., & Pakhomov, E. (2023). Zooplankton Bongo Net Data from the 2019 and 2020 Gulf of Alaska International Year of the Salmon Expeditions [Data set]. North Pacific Anadromous Fish Commission. https://doi.org/10.21966/7cmt-ca72",https://doi.org/10.21966/7cmt-ca72,https://creativecommons.org/licenses/by/4.0/legalcode,"Contact data provider for information on abundance, sizes and biomass.",https://edmo.seadatanet.org/report/2220,UBC-EOAS
IYS2020-Legacy-I-Bongo-1,2020-04-03T11:30:00Z,2020,4,3,46.36,-138.498333333333,250,40.47288914,volume seawater filtered,cubic meters,,0,POINT  ( -138.498333333333   46.36 ),0,WGS84,en,2023-12-07,"Hunt, B., Mahara, N., & Pakhomov, E. (2023). Zooplankton Bongo Net Data from the 2019 and 2020 Gulf of Alaska International Year of the Salmon Expeditions [Data set]. North Pacific Anadromous Fish Commission. https://doi.org/10.21966/7cmt-ca72",https://doi.org/10.21966/7cmt-ca72,https://creativecommons.org/licenses/by/4.0/legalcode,"Contact data provider for information on abundance, sizes and biomass.",https://edmo.seadatanet.org/report/2220,UBC-EOAS
IYS2020-Legacy-AV-Bongo-1,2020-04-04T08:44:00Z,2020,4,4,47.405,-135.406666666667,250,33.27911525,volume seawater filtered,cubic meters,,0,POINT  ( -135.406666666667   47.405 ),0,WGS84,en,2023-12-07,"Hunt, B., Mahara, N., & Pakhomov, E. (2023). Zooplankton Bongo Net Data from the 2019 and 2020 Gulf of Alaska International Year of the Salmon Expeditions [Data set]. North Pacific Anadromous Fish Commission. https://doi.org/10.21966/7cmt-ca72",https://doi.org/10.21966/7cmt-ca72,https://creativecommons.org/licenses/by/4.0/legalcode,"Contact data provider for information on abundance, sizes and biomass.",https://edmo.seadatanet.org/report/2220,UBC-EOAS
IYS2020-Legacy-AW-Bongo-1,2020-04-04T16:57:00Z,2020,4,4,47.4216666666667,-133.986666666667,250,28.71708123,volume seawater filtered,cubic meters,,0,POINT  ( -133.986666666667   47.4216666666667 ),0,WGS84,en,2023-12-07,"Hunt, B., Mahara, N., & Pakhomov, E. (2023). Zooplankton Bongo Net Data from the 2019 and 2020 Gulf of Alaska International Year of the Salmon Expeditions [Data set]. North Pacific Anadromous Fish Commission. https://doi.org/10.21966/7cmt-ca72",https://doi.org/10.21966/7cmt-ca72,https://creativecommons.org/licenses/by/4.0/legalcode,"Contact data provider for information on abundance, sizes and biomass.",https://edmo.seadatanet.org/report/2220,UBC-EOAS
IYS2020-Legacy-AX-Bongo-1,2020-04-05T01:28:00Z,2020,4,5,47.4116666666667,-132.506666666667,250,41.90742469,volume seawater filtered,cubic meters,,0,POINT  ( -132.506666666667   47.4116666666667 ),0,WGS84,en,2023-12-07,"Hunt, B., Mahara, N., & Pakhomov, E. (2023). Zooplankton Bongo Net Data from the 2019 and 2020 Gulf of Alaska International Year of the Salmon Expeditions [Data set]. North Pacific Anadromous Fish Commission. https://doi.org/10.21966/7cmt-ca72",https://doi.org/10.21966/7cmt-ca72,https://creativecommons.org/licenses/by/4.0/legalcode,"Contact data provider for information on abundance, sizes and biomass.",https://edmo.seadatanet.org/report/2220,UBC-EOAS
